method,information_tier,seed_status,seeds,seed_count,provenance_status,corrvrr_mean,corrvrr_sample_sd,corrvrr_min,corrvrr_max,raw_vrr_mean,raw_vrr_sample_sd,raw_vrr_min,raw_vrr_max,corruption_rate_mean,corruption_rate_sample_sd,corruption_rate_min,corruption_rate_max,validity_rate_mean,validity_rate_sample_sd,validity_rate_min,validity_rate_max,raw_vulnerable_count_mean,raw_vulnerable_count_sample_sd,raw_vulnerable_count_min,raw_vulnerable_count_max,corrected_vulnerable_count_mean,corrected_vulnerable_count_sample_sd,corrected_vulnerable_count_min,corrected_vulnerable_count_max,repair_count_mean,repair_count_sample_sd,repair_count_min,repair_count_max,corruption_count_mean,corruption_count_sample_sd,corruption_count_min,corruption_count_max,validity_count_mean,validity_count_sample_sd,validity_count_min,validity_count_max,strict_empty_count_mean,strict_empty_count_sample_sd,strict_empty_count_min,strict_empty_count_max,whitespace_only_count_mean,whitespace_only_count_sample_sd,whitespace_only_count_min,whitespace_only_count_max,generation_failure_count_mean,generation_failure_count_sample_sd,generation_failure_count_min,generation_failure_count_max,hook_failure_count_mean,hook_failure_count_sample_sd,hook_failure_count_min,hook_failure_count_max,fallback_count_mean,fallback_count_sample_sd,fallback_count_min,fallback_count_max
B0,NO_INTERVENTION_BASELINE,MULTI_SEED,42;43;44,3,FROZEN_OR_AUDITED,0.000000,0.000000,0.000000,0.000000,0.000000,0.000000,0.000000,0.000000,0.000000,0.000000,0.000000,0.000000,1.000000,0.000000,1.000000,1.000000,29.666667,2.081666,28.000000,32.000000,29.666667,2.081666,28.000000,32.000000,0.000000,0.000000,0.000000,0.000000,0.000000,0.000000,0.000000,0.000000,575.000000,0.000000,575.000000,575.000000,0.000000,0.000000,0.000000,0.000000,0.000000,0.000000,0.000000,0.000000,0.000000,0.000000,0.000000,0.000000,0.000000,0.000000,0.000000,0.000000,0.000000,0.000000,0.000000,0.000000
B1,METADATA_FREE_PROMPTING,MULTI_SEED,42;43;44,3,FROZEN_OR_AUDITED,0.514676,0.049157,0.464286,0.562500,0.245484,0.136140,0.107143,0.379310,0.022090,0.009589,0.011019,0.027778,1.000000,0.000000,1.000000,1.000000,22.333333,3.785939,18.000000,25.000000,14.333333,0.577350,14.000000,15.000000,15.333333,2.516611,13.000000,18.000000,8.000000,3.464102,4.000000,10.000000,575.000000,0.000000,575.000000,575.000000,0.000000,0.000000,0.000000,0.000000,0.000000,0.000000,0.000000,0.000000,0.000000,0.000000,0.000000,0.000000,0.000000,0.000000,0.000000,0.000000,0.000000,0.000000,0.000000,0.000000
B2-alpha20,ORACLE_CWE,MULTI_SEED,42;43;44,3,DESCRIPTIVE_ONLY,0.539152,0.043643,0.500000,0.586207,0.492354,0.055680,0.428571,0.531250,0.004594,0.001573,0.002778,0.005510,0.978551,0.018596,0.966957,1.000000,15.000000,1.000000,14.000000,16.000000,13.666667,1.527525,12.000000,15.000000,16.000000,1.732051,14.000000,17.000000,1.666667,0.577350,1.000000,2.000000,562.666667,10.692677,556.000000,575.000000,0.000000,0.000000,0.000000,0.000000,12.333333,10.692677,0.000000,19.000000,0.000000,0.000000,0.000000,0.000000,0.000000,0.000000,0.000000,0.000000,280.000000,242.487113,0.000000,420.000000
B*,ORACLE_CWE,MULTI_SEED,42;43;44,3,FROZEN_OR_AUDITED,0.551057,0.030522,0.531250,0.586207,0.504259,0.035319,0.464286,0.531250,0.004594,0.001573,0.002778,0.005510,0.982609,0.015061,0.973913,1.000000,14.666667,0.577350,14.000000,15.000000,13.333333,1.527525,12.000000,15.000000,16.333333,1.154701,15.000000,17.000000,1.666667,0.577350,1.000000,2.000000,565.000000,8.660254,560.000000,575.000000,0.000000,0.000000,0.000000,0.000000,10.000000,8.660254,0.000000,15.000000,0.000000,0.000000,0.000000,0.000000,0.000000,0.000000,0.000000,0.000000,NOT_ESTIMABLE_MISSING_METADATA,NOT_ESTIMABLE_MISSING_METADATA,NOT_ESTIMABLE_MISSING_METADATA,NOT_ESTIMABLE_MISSING_METADATA
B3-ungated,ORACLE_CWE,SINGLE_SEED,42,1,FROZEN_OR_AUDITED,0.535714,NOT_ESTIMABLE_SINGLE_SEED,0.535714,0.535714,0.464286,NOT_ESTIMABLE_SINGLE_SEED,0.464286,0.464286,0.010989,NOT_ESTIMABLE_SINGLE_SEED,0.010989,0.010989,0.953043,NOT_ESTIMABLE_SINGLE_SEED,0.953043,0.953043,15.000000,NOT_ESTIMABLE_SINGLE_SEED,15.000000,15.000000,13.000000,NOT_ESTIMABLE_SINGLE_SEED,13.000000,13.000000,15.000000,NOT_ESTIMABLE_SINGLE_SEED,15.000000,15.000000,4.000000,NOT_ESTIMABLE_SINGLE_SEED,4.000000,4.000000,548.000000,NOT_ESTIMABLE_SINGLE_SEED,548.000000,548.000000,0.000000,NOT_ESTIMABLE_SINGLE_SEED,0.000000,0.000000,27.000000,NOT_ESTIMABLE_SINGLE_SEED,27.000000,27.000000,0.000000,NOT_ESTIMABLE_SINGLE_SEED,0.000000,0.000000,0.000000,NOT_ESTIMABLE_SINGLE_SEED,0.000000,0.000000,420.000000,NOT_ESTIMABLE_SINGLE_SEED,420.000000,420.000000
B1-CWE,ORACLE_CWE,SINGLE_SEED,42,1,FROZEN_OR_AUDITED,0.464286,NOT_ESTIMABLE_SINGLE_SEED,0.464286,0.464286,0.178571,NOT_ESTIMABLE_SINGLE_SEED,0.178571,0.178571,0.021978,NOT_ESTIMABLE_SINGLE_SEED,0.021978,0.021978,1.000000,NOT_ESTIMABLE_SINGLE_SEED,1.000000,1.000000,23.000000,NOT_ESTIMABLE_SINGLE_SEED,23.000000,23.000000,15.000000,NOT_ESTIMABLE_SINGLE_SEED,15.000000,15.000000,13.000000,NOT_ESTIMABLE_SINGLE_SEED,13.000000,13.000000,8.000000,NOT_ESTIMABLE_SINGLE_SEED,8.000000,8.000000,575.000000,NOT_ESTIMABLE_SINGLE_SEED,575.000000,575.000000,0.000000,NOT_ESTIMABLE_SINGLE_SEED,0.000000,0.000000,0.000000,NOT_ESTIMABLE_SINGLE_SEED,0.000000,0.000000,0.000000,NOT_ESTIMABLE_SINGLE_SEED,0.000000,0.000000,0.000000,NOT_ESTIMABLE_SINGLE_SEED,0.000000,0.000000,575.000000,NOT_ESTIMABLE_SINGLE_SEED,575.000000,575.000000
RCI-1,METADATA_FREE,SINGLE_SEED,42,1,FROZEN_OR_AUDITED,0.392857,NOT_ESTIMABLE_SINGLE_SEED,0.392857,0.392857,0.142857,NOT_ESTIMABLE_SINGLE_SEED,0.142857,0.142857,0.027473,NOT_ESTIMABLE_SINGLE_SEED,0.027473,0.027473,0.737391,NOT_ESTIMABLE_SINGLE_SEED,0.737391,0.737391,24.000000,NOT_ESTIMABLE_SINGLE_SEED,24.000000,24.000000,17.000000,NOT_ESTIMABLE_SINGLE_SEED,17.000000,17.000000,11.000000,NOT_ESTIMABLE_SINGLE_SEED,11.000000,11.000000,10.000000,NOT_ESTIMABLE_SINGLE_SEED,10.000000,10.000000,424.000000,NOT_ESTIMABLE_SINGLE_SEED,424.000000,424.000000,151.000000,NOT_ESTIMABLE_SINGLE_SEED,151.000000,151.000000,0.000000,NOT_ESTIMABLE_SINGLE_SEED,0.000000,0.000000,151.000000,NOT_ESTIMABLE_SINGLE_SEED,151.000000,151.000000,0.000000,NOT_ESTIMABLE_SINGLE_SEED,0.000000,0.000000,0.000000,NOT_ESTIMABLE_SINGLE_SEED,0.000000,0.000000
CAA-CWE,ORACLE_CWE,SINGLE_SEED,42,1,FROZEN_OR_AUDITED,0.142857,NOT_ESTIMABLE_SINGLE_SEED,0.142857,0.142857,-0.071429,NOT_ESTIMABLE_SINGLE_SEED,-0.071429,-0.071429,0.016484,NOT_ESTIMABLE_SINGLE_SEED,0.016484,0.016484,1.000000,NOT_ESTIMABLE_SINGLE_SEED,1.000000,1.000000,30.000000,NOT_ESTIMABLE_SINGLE_SEED,30.000000,30.000000,24.000000,NOT_ESTIMABLE_SINGLE_SEED,24.000000,24.000000,4.000000,NOT_ESTIMABLE_SINGLE_SEED,4.000000,4.000000,6.000000,NOT_ESTIMABLE_SINGLE_SEED,6.000000,6.000000,575.000000,NOT_ESTIMABLE_SINGLE_SEED,575.000000,575.000000,0.000000,NOT_ESTIMABLE_SINGLE_SEED,0.000000,0.000000,0.000000,NOT_ESTIMABLE_SINGLE_SEED,0.000000,0.000000,0.000000,NOT_ESTIMABLE_SINGLE_SEED,0.000000,0.000000,0.000000,NOT_ESTIMABLE_SINGLE_SEED,0.000000,0.000000,0.000000,NOT_ESTIMABLE_SINGLE_SEED,0.000000,0.000000
B3-PG,ORACLE_CWE,SINGLE_SEED,42,1,FROZEN_OR_AUDITED,0.321429,NOT_ESTIMABLE_SINGLE_SEED,0.321429,0.321429,-0.107143,NOT_ESTIMABLE_SINGLE_SEED,-0.107143,-0.107143,0.032967,NOT_ESTIMABLE_SINGLE_SEED,0.032967,0.032967,1.000000,NOT_ESTIMABLE_SINGLE_SEED,1.000000,1.000000,31.000000,NOT_ESTIMABLE_SINGLE_SEED,31.000000,31.000000,19.000000,NOT_ESTIMABLE_SINGLE_SEED,19.000000,19.000000,9.000000,NOT_ESTIMABLE_SINGLE_SEED,9.000000,9.000000,12.000000,NOT_ESTIMABLE_SINGLE_SEED,12.000000,12.000000,575.000000,NOT_ESTIMABLE_SINGLE_SEED,575.000000,575.000000,0.000000,NOT_ESTIMABLE_SINGLE_SEED,0.000000,0.000000,0.000000,NOT_ESTIMABLE_SINGLE_SEED,0.000000,0.000000,0.000000,NOT_ESTIMABLE_SINGLE_SEED,0.000000,0.000000,0.000000,NOT_ESTIMABLE_SINGLE_SEED,0.000000,0.000000,NOT_ESTIMABLE_MISSING_METADATA,NOT_ESTIMABLE_MISSING_METADATA,NOT_ESTIMABLE_MISSING_METADATA,NOT_ESTIMABLE_MISSING_METADATA
