layer,feature_id,appears_in_target_cwes,target_cwe,original_statistical_rank,repair_count,qualified_unsafe_n,repair_rate,safe_corruption_count,corruption_rate,unsafe_invalid_count,invalid_rate,validation_status
9,3104,CWE-120;CWE-89,CWE-120,4,1,14,0.07142857142857142,0,0.0,0,0.0,VALIDATED
9,3104,CWE-120;CWE-89,CWE-89,12,0,10,0.0,0,0.0,0,0.0,NOT_VALIDATED_NO_REPAIR
9,10260,CWE-327;CWE-89,CWE-327,3,1,15,0.06666666666666667,0,0.0,0,0.0,VALIDATED
9,10260,CWE-327;CWE-89,CWE-89,11,0,10,0.0,0,0.0,0,0.0,NOT_VALIDATED_NO_REPAIR
9,12223,CWE-120;CWE-327;CWE-89,CWE-120,10,1,14,0.07142857142857142,0,0.0,0,0.0,VALIDATED
9,12223,CWE-120;CWE-327;CWE-89,CWE-327,4,1,15,0.06666666666666667,0,0.0,0,0.0,VALIDATED
9,12223,CWE-120;CWE-327;CWE-89,CWE-89,7,0,10,0.0,0,0.0,0,0.0,NOT_VALIDATED_NO_REPAIR
9,14965,CWE-327;CWE-89,CWE-327,2,2,15,0.13333333333333333,0,0.0,0,0.0,VALIDATED
9,14965,CWE-327;CWE-89,CWE-89,4,0,10,0.0,0,0.0,0,0.0,NOT_VALIDATED_NO_REPAIR
9,15071,CWE-327;CWE-89,CWE-327,7,2,15,0.13333333333333333,0,0.0,0,0.0,VALIDATED
9,15071,CWE-327;CWE-89,CWE-89,8,1,10,0.1,0,0.0,0,0.0,VALIDATED
9,15457,CWE-120;CWE-327;CWE-89,CWE-120,7,1,14,0.07142857142857142,0,0.0,0,0.0,VALIDATED
9,15457,CWE-120;CWE-327;CWE-89,CWE-327,1,1,15,0.06666666666666667,0,0.0,0,0.0,VALIDATED
9,15457,CWE-120;CWE-327;CWE-89,CWE-89,1,0,10,0.0,0,0.0,0,0.0,NOT_VALIDATED_NO_REPAIR
9,15892,CWE-120;CWE-327;CWE-89,CWE-120,3,1,14,0.07142857142857142,0,0.0,0,0.0,VALIDATED
9,15892,CWE-120;CWE-327;CWE-89,CWE-327,6,2,15,0.13333333333333333,0,0.0,0,0.0,VALIDATED
9,15892,CWE-120;CWE-327;CWE-89,CWE-89,5,0,10,0.0,0,0.0,0,0.0,NOT_VALIDATED_NO_REPAIR
20,529,CWE-327;CWE-89,CWE-327,6,3,15,0.2,0,0.0,0,0.0,VALIDATED
20,529,CWE-327;CWE-89,CWE-89,7,3,10,0.3,0,0.0,0,0.0,VALIDATED
20,599,CWE-120;CWE-327;CWE-89,CWE-120,3,4,14,0.2857142857142857,0,0.0,0,0.0,VALIDATED
20,599,CWE-120;CWE-327;CWE-89,CWE-327,4,0,15,0.0,0,0.0,0,0.0,NOT_VALIDATED_NO_REPAIR
20,599,CWE-120;CWE-327;CWE-89,CWE-89,2,3,10,0.3,0,0.0,0,0.0,VALIDATED
20,4650,CWE-327;CWE-89,CWE-327,2,0,15,0.0,0,0.0,0,0.0,NOT_VALIDATED_NO_REPAIR
20,4650,CWE-327;CWE-89,CWE-89,4,3,10,0.3,0,0.0,0,0.0,VALIDATED
20,7967,CWE-327;CWE-89,CWE-327,9,2,15,0.13333333333333333,0,0.0,0,0.0,VALIDATED
20,7967,CWE-327;CWE-89,CWE-89,5,2,10,0.2,0,0.0,0,0.0,VALIDATED
20,13200,CWE-327;CWE-89,CWE-327,5,1,15,0.06666666666666667,0,0.0,0,0.0,VALIDATED
20,13200,CWE-327;CWE-89,CWE-89,9,2,10,0.2,0,0.0,0,0.0,VALIDATED
20,13873,CWE-327;CWE-89,CWE-327,12,2,15,0.13333333333333333,0,0.0,0,0.0,VALIDATED
20,13873,CWE-327;CWE-89,CWE-89,12,3,10,0.3,0,0.0,0,0.0,VALIDATED
20,14471,CWE-120;CWE-327;CWE-89,CWE-120,5,5,14,0.35714285714285715,0,0.0,0,0.0,VALIDATED
20,14471,CWE-120;CWE-327;CWE-89,CWE-327,3,1,15,0.06666666666666667,0,0.0,0,0.0,VALIDATED
20,14471,CWE-120;CWE-327;CWE-89,CWE-89,3,3,10,0.3,0,0.0,0,0.0,VALIDATED
31,724,CWE-327;CWE-89,CWE-327,10,2,15,0.13333333333333333,0,0.0,0,0.0,VALIDATED
31,724,CWE-327;CWE-89,CWE-89,7,2,10,0.2,0,0.0,0,0.0,VALIDATED
31,5488,CWE-120;CWE-327,CWE-120,7,5,14,0.35714285714285715,0,0.0,0,0.0,VALIDATED
31,5488,CWE-120;CWE-327,CWE-327,11,1,15,0.06666666666666667,0,0.0,0,0.0,VALIDATED
31,6156,CWE-120;CWE-327;CWE-89,CWE-120,11,4,14,0.2857142857142857,0,0.0,0,0.0,VALIDATED
31,6156,CWE-120;CWE-327;CWE-89,CWE-327,8,2,15,0.13333333333333333,0,0.0,0,0.0,VALIDATED
31,6156,CWE-120;CWE-327;CWE-89,CWE-89,6,2,10,0.2,0,0.0,0,0.0,VALIDATED
31,7547,CWE-327;CWE-89,CWE-327,7,2,15,0.13333333333333333,0,0.0,0,0.0,VALIDATED
31,7547,CWE-327;CWE-89,CWE-89,3,2,10,0.2,0,0.0,0,0.0,VALIDATED
31,9591,CWE-327;CWE-89,CWE-327,1,1,15,0.06666666666666667,0,0.0,0,0.0,VALIDATED
31,9591,CWE-327;CWE-89,CWE-89,1,2,10,0.2,0,0.0,0,0.0,VALIDATED
31,15981,CWE-120;CWE-327,CWE-120,2,5,14,0.35714285714285715,0,0.0,0,0.0,VALIDATED
31,15981,CWE-120;CWE-327,CWE-327,3,2,15,0.13333333333333333,0,0.0,0,0.0,VALIDATED
31,16190,CWE-327;CWE-89,CWE-327,4,2,15,0.13333333333333333,0,0.0,0,0.0,VALIDATED
31,16190,CWE-327;CWE-89,CWE-89,13,2,10,0.2,0,0.0,0,0.0,VALIDATED
