cwe_id,layer,unsafe_n,selected_safe_n,unsafe_ids_sha256,selected_safe_ids_sampling_order_sha256,unsafe_path,unsafe_sha256,safe_path,safe_sha256
CWE-120,9,22,110,e88e9eaa30c87962979c7b1760424eb3e8ad67ec98c68385296031b40fef3422,1c6443bfc1ddcc33d2210fbc2971782fbc1f635bb93538e7d9afe9f2f8ecb5a7,revision/model2/phase21/outputs/activations/feature_cells/model2_cwe120_layer_9_unsafe_latents.pt,967bb0ff6b10e7a44eac3d986f02e54112ac629505df9b2ba734f642b0cecaf7,revision/model2/phase21/outputs/activations/feature_cells/model2_cwe120_layer_9_selected_safe_latents.pt,56b19bc5a7486b638b5fe97947373fd97585d695ac668d97f8f9a3430018ae83
CWE-120,20,22,110,e88e9eaa30c87962979c7b1760424eb3e8ad67ec98c68385296031b40fef3422,1c6443bfc1ddcc33d2210fbc2971782fbc1f635bb93538e7d9afe9f2f8ecb5a7,revision/model2/phase21/outputs/activations/feature_cells/model2_cwe120_layer_20_unsafe_latents.pt,f1f58ec2103ab3f5919f013fe54bdc441ad580630e6b3bf8467323c85797d9d5,revision/model2/phase21/outputs/activations/feature_cells/model2_cwe120_layer_20_selected_safe_latents.pt,ac2b74eada3e070fc1d2467f1bbf3a6fe36c1dd78a765cf4d1857c92101e99e4
CWE-120,31,22,110,e88e9eaa30c87962979c7b1760424eb3e8ad67ec98c68385296031b40fef3422,1c6443bfc1ddcc33d2210fbc2971782fbc1f635bb93538e7d9afe9f2f8ecb5a7,revision/model2/phase21/outputs/activations/feature_cells/model2_cwe120_layer_31_unsafe_latents.pt,d952fedd13c0639ce47ec92762b20bdfb0e9914c18b91477b1e7dcf888dfae59,revision/model2/phase21/outputs/activations/feature_cells/model2_cwe120_layer_31_selected_safe_latents.pt,064275f4e70d87d4ce31cf7cb46c96b3fc65a9b1360bcd1c278281c77bd4b51f
CWE-327,9,24,120,8884d3913c7f67b69e1de07a7d1ffa440b7295ce368aba90e40ab9d6780f335c,47314f0db6c86154cbe901454162a2ef8064c58a1711445ca9a1533f9aa4d1f8,revision/model2/phase21/outputs/activations/feature_cells/model2_cwe327_layer_9_unsafe_latents.pt,29a91a061651a39c2c9768d0a4e2c53215feb958f6c9738fdc3b8d488ed70ad2,revision/model2/phase21/outputs/activations/feature_cells/model2_cwe327_layer_9_selected_safe_latents.pt,55f4ee86a253c2658a9e37d9750280d7748f4b085ca594eec176ce6a86ff4ab1
CWE-327,20,24,120,8884d3913c7f67b69e1de07a7d1ffa440b7295ce368aba90e40ab9d6780f335c,47314f0db6c86154cbe901454162a2ef8064c58a1711445ca9a1533f9aa4d1f8,revision/model2/phase21/outputs/activations/feature_cells/model2_cwe327_layer_20_unsafe_latents.pt,a5aa4077ec82ff3fd9d2883ed829bb004ce65564a253ce9f084779b979e275f5,revision/model2/phase21/outputs/activations/feature_cells/model2_cwe327_layer_20_selected_safe_latents.pt,b9b4019c52f9eb55aed7f995eb986c199ea142f48a1c5f300756de228c36bcf7
CWE-327,31,24,120,8884d3913c7f67b69e1de07a7d1ffa440b7295ce368aba90e40ab9d6780f335c,47314f0db6c86154cbe901454162a2ef8064c58a1711445ca9a1533f9aa4d1f8,revision/model2/phase21/outputs/activations/feature_cells/model2_cwe327_layer_31_unsafe_latents.pt,0b32dca4a95d1fe620ab2580ddfadbbd29d1b633ec51ae52ccf3b7c16501e273,revision/model2/phase21/outputs/activations/feature_cells/model2_cwe327_layer_31_selected_safe_latents.pt,f282ab9e7f2988c2625df406b1bc0f670eb21a9ee67aa102423fff6cdc9d8ca9
CWE-89,9,10,50,0b3506d948106f8eb1073d113751d498c3508759de8c6d5e8760dc5c97590365,04b79eac724e535a4915329674287e4812585b633535d12cd503ecfa3640ccd9,revision/model2/phase21/outputs/activations/feature_cells/model2_cwe89_layer_9_unsafe_latents.pt,051ed8ad0249d82fa44528abb78a82217f147bd91713132ffbff988c12710645,revision/model2/phase21/outputs/activations/feature_cells/model2_cwe89_layer_9_selected_safe_latents.pt,03385c03b8fb70d6d64a6909c7374a22c7cf0b254d7bb0958ab4f84fd69731db
CWE-89,20,10,50,0b3506d948106f8eb1073d113751d498c3508759de8c6d5e8760dc5c97590365,04b79eac724e535a4915329674287e4812585b633535d12cd503ecfa3640ccd9,revision/model2/phase21/outputs/activations/feature_cells/model2_cwe89_layer_20_unsafe_latents.pt,07c6072f39a8f8a5e509fb4bb765e998ef3f7c25593a42172fa3127653c5b64e,revision/model2/phase21/outputs/activations/feature_cells/model2_cwe89_layer_20_selected_safe_latents.pt,de6dad688913a93c67db9479c0eb3df8009e96ad710cd6ce0a6ea9eb365aff65
CWE-89,31,10,50,0b3506d948106f8eb1073d113751d498c3508759de8c6d5e8760dc5c97590365,04b79eac724e535a4915329674287e4812585b633535d12cd503ecfa3640ccd9,revision/model2/phase21/outputs/activations/feature_cells/model2_cwe89_layer_31_unsafe_latents.pt,ee9ad3ae89888a4e3f0b4e63e7c05b148b0ba86b42b90017af9019e8d0d0e02e,revision/model2/phase21/outputs/activations/feature_cells/model2_cwe89_layer_31_selected_safe_latents.pt,3affa0f31bba423b3f6478dc3f3b771acb8d872d2cc84de9bbb32bbf87668ebb
